﻿<?xml version="1.0" encoding="utf-8"?>
<root VersionInfo="1">
  <Communications PortDefinition="Serial:COM1:115200:None:1:8">
    <OpenPort DateTime="09/22/2022 16:12:42" Success="True" Visible="False" Data="COM1 : 115200" />
    <QuerySystemType DateTime="09/22/2022 16:12:43" Success="True" Visible="False" Data="ChannelMaster" />
    <GetSetup DateTime="09/22/2022 16:12:47" Success="True" Visible="True" />
    <BackupSetup DateTime="09/22/2022 16:12:47" Success="True" Visible="True" Data="Log_20220922_161247.adcp" />
    <GetRecorderInfo DateTime="09/22/2022 16:12:50" Success="True" Visible="True" Data="1645248 bytes used" />
    <StartBeamDiagnostics DateTime="09/22/2022 16:22:13" Success="True" Visible="True" Data="BD_20220922_162213.pd0" />
    <EndBeamDiagnostics DateTime="09/22/2022 16:25:28" Success="True" Visible="True" />
    <StartBeamDiagnostics DateTime="09/22/2022 16:27:52" Success="True" Visible="True" Data="BD_20220922_162752.pd0" />
    <EndBeamDiagnostics DateTime="09/22/2022 16:32:51" Success="True" Visible="True" />
  </Communications>
</root>