﻿<?xml version="1.0" encoding="utf-8"?>
<root VersionInfo="1">
  <Communications PortDefinition="Serial:COM1:115200:None:1:8">
    <OpenPort DateTime="09/27/2022 19:58:27" Success="False" Visible="False" Data="COM1 : 115200" />
    <OpenPort DateTime="09/27/2022 20:02:39" Success="True" Visible="False" Data="COM1 : 115200" />
    <QuerySystemType DateTime="09/27/2022 20:02:40" Success="True" Visible="False" Data="ChannelMaster" />
    <GetSetup DateTime="09/27/2022 20:02:43" Success="True" Visible="True" />
    <BackupSetup DateTime="09/27/2022 20:02:43" Success="True" Visible="True" Data="Log_20220927_200243.adcp" />
    <GetRecorderInfo DateTime="09/27/2022 20:02:47" Success="True" Visible="True" Data="1220736 bytes used" />
    <StartBeamDiagnostics DateTime="09/27/2022 20:10:24" Success="True" Visible="True" Data="BD_20220927_201024.pd0" />
    <EndBeamDiagnostics DateTime="09/27/2022 20:14:43" Success="True" Visible="True" />
    <StartBeamDiagnostics DateTime="09/27/2022 20:17:00" Success="True" Visible="True" Data="BD_20220927_201700.pd0" />
    <EndBeamDiagnostics DateTime="09/27/2022 20:20:18" Success="True" Visible="True" />
  </Communications>
</root>