﻿<?xml version="1.0" encoding="utf-8"?>
<root VersionInfo="1">
  <Communications PortDefinition="Serial:COM7:115200:None:1:8">
    <OpenPort DateTime="09/27/2022 21:12:36" Success="True" Visible="False" Data="COM7 : 115200" />
    <QuerySystemType DateTime="09/27/2022 21:12:37" Success="True" Visible="False" Data="ChannelMaster" />
    <GetSetup DateTime="09/27/2022 21:12:40" Success="True" Visible="True" />
    <BackupSetup DateTime="09/27/2022 21:12:40" Success="True" Visible="True" Data="Log_20220927_211240.adcp" />
    <GetRecorderInfo DateTime="09/27/2022 21:12:45" Success="True" Visible="True" Data="0 bytes used" />
    <GetAdcpTime DateTime="09/27/2022 21:12:45" Success="True" Visible="False" Data="09/27/2022 21:12:44" />
    <SetAdcpTime DateTime="09/27/2022 21:12:45" Success="True" Visible="False" Data="09/27/2022 21:12:45" />
    <StartBeamDiagnostics DateTime="09/27/2022 21:12:51" Success="True" Visible="True" Data="BD_20220927_211251.pd0" />
    <EndBeamDiagnostics DateTime="09/27/2022 21:13:00" Success="True" Visible="True" />
    <PhysicalMaintenance DateTime="09/27/2022 21:13:01" Success="True" Visible="True" />
    <StartBeamDiagnostics DateTime="09/27/2022 21:13:06" Success="True" Visible="True" Data="BD_20220927_211306.pd0" />
    <EndBeamDiagnostics DateTime="09/27/2022 21:13:15" Success="True" Visible="True" />
    <Deployed DateTime="09/27/2022 21:13:31" Success="True" Visible="True" />
  </Communications>
  <WorkFlow WorkFlowIndex="13" WorkFlowStep="CloseSession">
    <InitializeSystem DateTime="09/27/2022 21:12:45" Success="True" Visible="False" />
    <DataReview DateTime="09/27/2022 21:12:45" Success="True" Visible="False" />
    <BeamDiagnostics DateTime="09/27/2022 21:12:49" Success="True" Visible="False" />
    <PhysicalMaintenance DateTime="09/27/2022 21:13:00" Success="True" Visible="False" />
    <AdcpQmeasurements DateTime="09/27/2022 21:13:02" Success="True" Visible="False" />
    <BeamDiagnostics DateTime="09/27/2022 21:13:05" Success="True" Visible="False" />
    <VerifySettings DateTime="09/27/2022 21:13:15" Success="True" Visible="False" />
    <ReconnectSdi12 DateTime="09/27/2022 21:13:25" Success="True" Visible="False" />
    <CloseSession DateTime="09/27/2022 21:13:32" Success="True" Visible="False" />
  </WorkFlow>
  <Adcp SystemId="ChannelMaster_1200" SerialNumber="22074" FirmwareVersion="28.39">
    <Settings>
      <ArrayOfSetting xmlns:xsd="http://www.w3.org/2001/XMLSchema" xmlns:xsi="http://www.w3.org/2001/XMLSchema-instance">
        <Setting>
          <Id>DelayedStart_Enabled</Id>
          <Name>Delayed Start</Name>
          <BaseUnit>None</BaseUnit>
          <Unit />
          <ValueString>1</ValueString>
          <Limits>
            <Min>0</Min>
            <Max>1</Max>
            <Default>0</Default>
          </Limits>
        </Setting>
        <Setting>
          <Id>DelayedStart_Date</Id>
          <Name>Delayed Start Date</Name>
          <BaseUnit>None</BaseUnit>
          <Unit />
          <ValueString>44831</ValueString>
          <Limits>
            <Min>0</Min>
            <Max>1.7976931348623157E+308</Max>
            <Default>0</Default>
          </Limits>
        </Setting>
        <Setting>
          <Id>DelayedStart_Time</Id>
          <Name>Delayed Start Time</Name>
          <BaseUnit>None</BaseUnit>
          <Unit />
          <ValueString>0.885416666666667</ValueString>
          <Limits>
            <Min>0</Min>
            <Max>1.7976931348623157E+308</Max>
            <Default>0</Default>
          </Limits>
        </Setting>
        <Setting>
          <Id>FirstSetting</Id>
          <Name>ADCP depth</Name>
          <BaseUnit>Meters</BaseUnit>
          <Unit>m</Unit>
          <ValueString>0</ValueString>
          <Limits>
            <Min>0</Min>
            <Max>500</Max>
            <Default>20</Default>
          </Limits>
        </Setting>
        <Setting>
          <Id>Salinity</Id>
          <Name>Salinity</Name>
          <BaseUnit>None</BaseUnit>
          <Unit />
          <ValueString>0</ValueString>
          <Limits>
            <Min>0</Min>
            <Max>40</Max>
            <Default>35</Default>
          </Limits>
        </Setting>
        <Setting>
          <Id>MagVar</Id>
          <Name>Magnetic variation</Name>
          <BaseUnit>Degrees</BaseUnit>
          <Unit>degrees</Unit>
          <ValueString>0</ValueString>
          <Limits>
            <Min>-180</Min>
            <Max>180</Max>
            <Default>0</Default>
          </Limits>
        </Setting>
        <Setting>
          <Id>JanusProfileSamplingEnabled</Id>
          <Name>Enable water pings</Name>
          <BaseUnit>None</BaseUnit>
          <Unit />
          <ValueString>1</ValueString>
          <Limits>
            <Min>0</Min>
            <Max>1</Max>
            <Default>1</Default>
          </Limits>
        </Setting>
        <Setting>
          <Id>JanusProfileNBSamplingEnabled</Id>
          <Name>Enable NB water pings</Name>
          <BaseUnit>None</BaseUnit>
          <Unit />
          <ValueString>1</ValueString>
          <Limits>
            <Min>0</Min>
            <Max>1</Max>
            <Default>1</Default>
          </Limits>
        </Setting>
        <Setting>
          <Id>VerticalProfileSamplingEnabled</Id>
          <Name>Enable vertical profiling</Name>
          <BaseUnit>None</BaseUnit>
          <Unit />
          <ValueString>0</ValueString>
          <Limits>
            <Min>0</Min>
            <Max>1</Max>
            <Default>1</Default>
          </Limits>
        </Setting>
        <Setting>
          <Id>BottomTrackSamplingEnabled</Id>
          <Name>Enable bottom tracking</Name>
          <BaseUnit>None</BaseUnit>
          <Unit />
          <ValueString>0</ValueString>
          <Limits>
            <Min>0</Min>
            <Max>1</Max>
            <Default>0</Default>
          </Limits>
        </Setting>
        <Setting>
          <Id>VerticalRangeSamplingEnabled</Id>
          <Name>Enable vertical range pings</Name>
          <BaseUnit>None</BaseUnit>
          <Unit />
          <ValueString>0</ValueString>
          <Limits>
            <Min>0</Min>
            <Max>1</Max>
            <Default>0</Default>
          </Limits>
        </Setting>
        <Setting>
          <Id>JanusProfilePingCount</Id>
          <Name>Number of water pings</Name>
          <BaseUnit>None</BaseUnit>
          <Unit />
          <ValueString>481</ValueString>
          <Limits>
            <Min>0</Min>
            <Max>999</Max>
            <Default>1</Default>
          </Limits>
        </Setting>
        <Setting>
          <Id>JanusProfilePingCountNB</Id>
          <Name>Number of NB water pings</Name>
          <BaseUnit>None</BaseUnit>
          <Unit />
          <ValueString>1</ValueString>
          <Limits>
            <Min>0</Min>
            <Max>999</Max>
            <Default>1</Default>
          </Limits>
        </Setting>
        <Setting>
          <Id>VerticalProfilePingCount</Id>
          <Name>Number of vertical profile pings</Name>
          <BaseUnit>None</BaseUnit>
          <Unit />
          <ValueString>0</ValueString>
          <Limits>
            <Min>0</Min>
            <Max>999</Max>
            <Default>1</Default>
          </Limits>
        </Setting>
        <Setting>
          <Id>BottomTrackPingCount</Id>
          <Name>Number of bottom track pings</Name>
          <BaseUnit>None</BaseUnit>
          <Unit />
          <ValueString>0</ValueString>
          <Limits>
            <Min>0</Min>
            <Max>999</Max>
            <Default>0</Default>
          </Limits>
        </Setting>
        <Setting>
          <Id>VerticalRangePingCount</Id>
          <Name>Number of boundary pings</Name>
          <BaseUnit>None</BaseUnit>
          <Unit />
          <ValueString>14</ValueString>
          <Limits>
            <Min>0</Min>
            <Max>999</Max>
            <Default>0</Default>
          </Limits>
        </Setting>
        <Setting>
          <Id>NumberOfCells</Id>
          <Name>Number of cells</Name>
          <BaseUnit>None</BaseUnit>
          <Unit />
          <ValueString>9</ValueString>
          <Limits>
            <Min>1</Min>
            <Max>255</Max>
            <Default>20</Default>
          </Limits>
        </Setting>
        <Setting>
          <Id>NumberOfCellsNB</Id>
          <Name>Number of cells</Name>
          <BaseUnit>None</BaseUnit>
          <Unit />
          <ValueString>20</ValueString>
          <Limits>
            <Min>1</Min>
            <Max>128</Max>
            <Default>20</Default>
          </Limits>
        </Setting>
        <Setting>
          <Id>AmbVelocity</Id>
          <Name>Ambiguity velocity</Name>
          <BaseUnit>MetersPerSecond</BaseUnit>
          <Unit>m/s</Unit>
          <ValueString>1.75</ValueString>
          <Limits>
            <Min>0.05</Min>
            <Max>9.99</Max>
            <Default>1.75</Default>
          </Limits>
        </Setting>
        <Setting>
          <Id>WaterMode</Id>
          <Name>Water Mode</Name>
          <BaseUnit>None</BaseUnit>
          <Unit />
          <ValueString>0</ValueString>
          <Limits>
            <Min>0</Min>
            <Max>1</Max>
            <Default>0</Default>
          </Limits>
        </Setting>
        <Setting>
          <Id>Bandwidth</Id>
          <Name>Bandwidth</Name>
          <BaseUnit>None</BaseUnit>
          <Unit />
          <ValueString>0</ValueString>
          <Limits>
            <Min>0</Min>
            <Max>1</Max>
            <Default>0</Default>
          </Limits>
        </Setting>
        <Setting>
          <Id>M12SubPings</Id>
          <Name>Sub-pings</Name>
          <BaseUnit>None</BaseUnit>
          <Unit />
          <ValueString>4</ValueString>
          <Limits>
            <Min>0</Min>
            <Max>20</Max>
            <Default>4</Default>
          </Limits>
        </Setting>
        <Setting>
          <Id>PingInterval</Id>
          <Name>Ping interval</Name>
          <BaseUnit>None</BaseUnit>
          <Unit>sec</Unit>
          <ValueString>0.6</ValueString>
          <Limits>
            <Min>0</Min>
            <Max>3600</Max>
            <Default>1</Default>
          </Limits>
        </Setting>
        <Setting>
          <Id>PingInterval2</Id>
          <Name>Ping interval</Name>
          <BaseUnit>None</BaseUnit>
          <Unit>sec</Unit>
          <ValueString>1</ValueString>
          <Limits>
            <Min>0</Min>
            <Max>3600</Max>
            <Default>1</Default>
          </Limits>
        </Setting>
        <Setting>
          <Id>Temperature</Id>
          <Name>Temperature</Name>
          <BaseUnit>Celcius</BaseUnit>
          <Unit>°C</Unit>
          <ValueString>21</ValueString>
          <Limits>
            <Min>-5</Min>
            <Max>40</Max>
            <Default>5</Default>
          </Limits>
        </Setting>
        <Setting>
          <Id>Blank</Id>
          <Name>Blank</Name>
          <BaseUnit>Meters</BaseUnit>
          <Unit>m</Unit>
          <ValueString>1.22</ValueString>
          <Limits>
            <Min>0.05</Min>
            <Max>20</Max>
            <Default>0.5</Default>
          </Limits>
        </Setting>
        <Setting>
          <Id>BlankNB</Id>
          <Name>Blank</Name>
          <BaseUnit>Meters</BaseUnit>
          <Unit>m</Unit>
          <ValueString>0.4</ValueString>
          <Limits>
            <Min>0.05</Min>
            <Max>20</Max>
            <Default>0.5</Default>
          </Limits>
        </Setting>
        <Setting>
          <Id>CellSize</Id>
          <Name>Cell size</Name>
          <BaseUnit>Meters</BaseUnit>
          <Unit>m</Unit>
          <ValueString>0.91</ValueString>
          <Limits>
            <Min>0.2</Min>
            <Max>2</Max>
            <Default>1</Default>
          </Limits>
        </Setting>
        <Setting>
          <Id>CellSizeNB</Id>
          <Name>Cell size</Name>
          <BaseUnit>Meters</BaseUnit>
          <Unit>m</Unit>
          <ValueString>1</ValueString>
          <Limits>
            <Min>0.2</Min>
            <Max>2</Max>
            <Default>1</Default>
          </Limits>
        </Setting>
        <Setting>
          <Id>Range</Id>
          <Name>Range</Name>
          <BaseUnit>Meters</BaseUnit>
          <Unit>m</Unit>
          <ValueString>9.41</ValueString>
          <Limits>
            <Min>1</Min>
            <Max>30</Max>
            <Default>20</Default>
          </Limits>
        </Setting>
        <Setting>
          <Id>RangeNB</Id>
          <Name>Range</Name>
          <BaseUnit>Meters</BaseUnit>
          <Unit>m</Unit>
          <ValueString>20</ValueString>
          <Limits>
            <Min>1</Min>
            <Max>30</Max>
            <Default>20</Default>
          </Limits>
        </Setting>
        <Setting>
          <Id>BatteryPackCount</Id>
          <Name>Battery packs</Name>
          <BaseUnit>None</BaseUnit>
          <Unit />
          <ValueString>0</ValueString>
          <Limits>
            <Min>0</Min>
            <Max>10</Max>
            <Default>4</Default>
          </Limits>
        </Setting>
        <Setting>
          <Id>RecorderCardFreeBytesInternal</Id>
          <Name>Free Bytes</Name>
          <BaseUnit>None</BaseUnit>
          <Unit />
          <ValueString>0</ValueString>
          <Limits>
            <Min>0</Min>
            <Max>137438953472</Max>
            <Default>0</Default>
          </Limits>
        </Setting>
        <Setting>
          <Id>RecorderCardTotalBytesInternal</Id>
          <Name>Total Bytes</Name>
          <BaseUnit>None</BaseUnit>
          <Unit />
          <ValueString>0</ValueString>
          <Limits>
            <Min>0</Min>
            <Max>137438953472</Max>
            <Default>0</Default>
          </Limits>
        </Setting>
        <Setting>
          <Id>RecorderCardFreeBytesRemovable</Id>
          <Name>Free Bytes</Name>
          <BaseUnit>None</BaseUnit>
          <Unit />
          <ValueString>0</ValueString>
          <Limits>
            <Min>0</Min>
            <Max>137438953472</Max>
            <Default>0</Default>
          </Limits>
        </Setting>
        <Setting>
          <Id>RecorderCardTotalBytesRemovable</Id>
          <Name>Total Bytes</Name>
          <BaseUnit>None</BaseUnit>
          <Unit />
          <ValueString>0</ValueString>
          <Limits>
            <Min>0</Min>
            <Max>137438953472</Max>
            <Default>0</Default>
          </Limits>
        </Setting>
        <Setting>
          <Id>PowerSource</Id>
          <Name>Power source</Name>
          <BaseUnit>None</BaseUnit>
          <Unit />
          <ValueString>0</ValueString>
          <Limits>
            <Min>0</Min>
            <Max>3</Max>
            <Default>0</Default>
          </Limits>
        </Setting>
        <Setting>
          <Id>Feature_BottomTrackEnabled</Id>
          <Name>Bottom Track Enabled</Name>
          <BaseUnit>None</BaseUnit>
          <Unit />
          <ValueString>0</ValueString>
          <Limits>
            <Min>0</Min>
            <Max>1</Max>
            <Default>0</Default>
          </Limits>
        </Setting>
        <Setting>
          <Id>Feature_WavesEnabled</Id>
          <Name>Waves Enabled</Name>
          <BaseUnit>None</BaseUnit>
          <Unit />
          <ValueString>0</ValueString>
          <Limits>
            <Min>0</Min>
            <Max>1</Max>
            <Default>0</Default>
          </Limits>
        </Setting>
        <Setting>
          <Id>Feature_VerticalProfileEnabled</Id>
          <Name>Vertical Profile Enabled</Name>
          <BaseUnit>None</BaseUnit>
          <Unit />
          <ValueString>0</ValueString>
          <Limits>
            <Min>0</Min>
            <Max>1</Max>
            <Default>1</Default>
          </Limits>
        </Setting>
        <Setting>
          <Id>Feature_VerticalRangeEnabled</Id>
          <Name>Vertical Range Enabled</Name>
          <BaseUnit>None</BaseUnit>
          <Unit />
          <ValueString>1</ValueString>
          <Limits>
            <Min>0</Min>
            <Max>1</Max>
            <Default>0</Default>
          </Limits>
        </Setting>
        <Setting>
          <Id>Feature_WaterProfileEnabled</Id>
          <Name>Water Profile Enabled</Name>
          <BaseUnit>None</BaseUnit>
          <Unit />
          <ValueString>1</ValueString>
          <Limits>
            <Min>0</Min>
            <Max>1</Max>
            <Default>1</Default>
          </Limits>
        </Setting>
        <Setting>
          <Id>DeploymentName</Id>
          <Name>Name</Name>
          <BaseUnit>None</BaseUnit>
          <Unit />
          <ValueString>[Enter a name for the deployment]</ValueString>
          <Limits>
            <Min>1</Min>
            <Max>64</Max>
            <Default>0</Default>
          </Limits>
        </Setting>
        <Setting>
          <Id>DeploymentDescription</Id>
          <Name>Description</Name>
          <BaseUnit>None</BaseUnit>
          <Unit />
          <ValueString>[Enter a description of the deployment]</ValueString>
          <Limits>
            <Min>0</Min>
            <Max>128</Max>
            <Default>0</Default>
          </Limits>
        </Setting>
        <Setting>
          <Id>DeploymentDuration</Id>
          <Name>Duration</Name>
          <BaseUnit>Days</BaseUnit>
          <Unit>days</Unit>
          <ValueString>90</ValueString>
          <Limits>
            <Min>0</Min>
            <Max>999</Max>
            <Default>90</Default>
          </Limits>
        </Setting>
        <Setting>
          <Id>CoordinateSystem</Id>
          <Name>Coordinate system</Name>
          <BaseUnit>None</BaseUnit>
          <Unit />
          <ValueString>1</ValueString>
          <Limits>
            <Min>0</Min>
            <Max>3</Max>
            <Default>3</Default>
          </Limits>
        </Setting>
        <Setting>
          <Id>PressurePresent</Id>
          <Name>Pressure Present</Name>
          <BaseUnit>None</BaseUnit>
          <Unit />
          <ValueString>1</ValueString>
          <Limits>
            <Min>0</Min>
            <Max>1</Max>
            <Default>1</Default>
          </Limits>
        </Setting>
        <Setting>
          <Id>EnsembleInterval</Id>
          <Name>Ensemble interval</Name>
          <BaseUnit>None</BaseUnit>
          <Unit>s</Unit>
          <ValueString>0.0104166666666667</ValueString>
          <Limits>
            <Min>0</Min>
            <Max>1</Max>
            <Default>1.1574074074074073E-05</Default>
          </Limits>
        </Setting>
        <Setting>
          <Id>EnsembleInterval2</Id>
          <Name>Ensemble interval</Name>
          <BaseUnit>None</BaseUnit>
          <Unit>s</Unit>
          <ValueString>1.15740740740741E-05</ValueString>
          <Limits>
            <Min>0</Min>
            <Max>1</Max>
            <Default>1.1574074074074073E-05</Default>
          </Limits>
        </Setting>
        <Setting>
          <Id>CommunicationsType</Id>
          <Name>Communications Type</Name>
          <BaseUnit>None</BaseUnit>
          <Unit />
          <ValueString>0</ValueString>
          <Limits>
            <Min>0</Min>
            <Max>1</Max>
            <Default>0</Default>
          </Limits>
        </Setting>
        <Setting>
          <Id>FirstCellPosition</Id>
          <Name>First cell</Name>
          <BaseUnit>None</BaseUnit>
          <Unit>m</Unit>
          <ValueString>0</ValueString>
          <Limits>
            <Min>0</Min>
            <Max>1000</Max>
            <Default>0</Default>
          </Limits>
        </Setting>
        <Setting>
          <Id>BaudRate</Id>
          <Name>Baud rate</Name>
          <BaseUnit>None</BaseUnit>
          <Unit />
          <ValueString>0</ValueString>
          <Limits>
            <Min>0</Min>
            <Max>10</Max>
            <Default>0</Default>
          </Limits>
        </Setting>
        <Setting>
          <Id>BoundaryRange</Id>
          <Name>Boundary range</Name>
          <BaseUnit>Meters</BaseUnit>
          <Unit>m</Unit>
          <ValueString>1000</ValueString>
          <Limits>
            <Min>0</Min>
            <Max>2000</Max>
            <Default>1000</Default>
          </Limits>
        </Setting>
        <Setting>
          <Id>Sdi12Enabled</Id>
          <Name>SDI-12 Enabled</Name>
          <BaseUnit>None</BaseUnit>
          <Unit />
          <ValueString>0</ValueString>
          <Limits>
            <Min>0</Min>
            <Max>1</Max>
            <Default>0</Default>
          </Limits>
        </Setting>
        <Setting>
          <Id>Sdi12Address</Id>
          <Name>SDI-12 Address</Name>
          <BaseUnit>None</BaseUnit>
          <Unit />
          <ValueString>0</ValueString>
          <Limits>
            <Min>0</Min>
            <Max>99</Max>
            <Default>0</Default>
          </Limits>
        </Setting>
        <Setting>
          <Id>Sdi12Units</Id>
          <Name>SDI-12 Units</Name>
          <BaseUnit>None</BaseUnit>
          <Unit />
          <ValueString>1</ValueString>
          <Limits>
            <Min>0</Min>
            <Max>1</Max>
            <Default>0</Default>
          </Limits>
        </Setting>
        <Setting>
          <Id>AveragingInterval</Id>
          <Name>Averaging Interval</Name>
          <BaseUnit>None</BaseUnit>
          <Unit>s</Unit>
          <ValueString>0.00347222222222222</ValueString>
          <Limits>
            <Min>0</Min>
            <Max>1</Max>
            <Default>1.1574074074074073E-05</Default>
          </Limits>
        </Setting>
        <Setting>
          <Id>IndexVelocityStartCell</Id>
          <Name>Index velocity start cell</Name>
          <BaseUnit>None</BaseUnit>
          <Unit />
          <ValueString>1</ValueString>
          <Limits>
            <Min>1</Min>
            <Max>9</Max>
            <Default>1</Default>
          </Limits>
        </Setting>
        <Setting>
          <Id>IndexVelocityEndCell</Id>
          <Name>Index velocity end cell</Name>
          <BaseUnit>None</BaseUnit>
          <Unit />
          <ValueString>9</ValueString>
          <Limits>
            <Min>1</Min>
            <Max>9</Max>
            <Default>1</Default>
          </Limits>
        </Setting>
        <Setting>
          <Id>QCalculation</Id>
          <Name>Q Calculation</Name>
          <BaseUnit>None</BaseUnit>
          <Unit />
          <ValueString>1</ValueString>
          <Limits>
            <Min>0</Min>
            <Max>1</Max>
            <Default>0</Default>
          </Limits>
        </Setting>
        <Setting>
          <Id>RecorderOn</Id>
          <Name>Recorder On</Name>
          <BaseUnit>None</BaseUnit>
          <Unit />
          <ValueString>1</ValueString>
          <Limits>
            <Min>0</Min>
            <Max>1</Max>
            <Default>0</Default>
          </Limits>
        </Setting>
        <Setting>
          <Id>TransducerElevation</Id>
          <Name>Transducer elevation</Name>
          <BaseUnit>Meters</BaseUnit>
          <Unit>m</Unit>
          <ValueString>0</ValueString>
          <Limits>
            <Min>-50</Min>
            <Max>50</Max>
            <Default>1</Default>
          </Limits>
        </Setting>
        <Setting>
          <Id>BottomElevation</Id>
          <Name>Bottom elevation</Name>
          <BaseUnit>None</BaseUnit>
          <Unit>m</Unit>
          <ValueString>0</ValueString>
          <Limits>
            <Min>-200</Min>
            <Max>5000</Max>
            <Default>0</Default>
          </Limits>
        </Setting>
        <Setting>
          <Id>Bank</Id>
          <Name>Bank</Name>
          <BaseUnit>None</BaseUnit>
          <Unit />
          <ValueString>1</ValueString>
          <Limits>
            <Min>0</Min>
            <Max>1</Max>
            <Default>0</Default>
          </Limits>
        </Setting>
        <Setting>
          <Id>Orientation</Id>
          <Name>Orientation</Name>
          <BaseUnit>None</BaseUnit>
          <Unit />
          <ValueString>1</ValueString>
          <Limits>
            <Min>0</Min>
            <Max>1</Max>
            <Default>1</Default>
          </Limits>
        </Setting>
        <Setting>
          <Id>PinnaclePowerSource</Id>
          <Name>Power source</Name>
          <BaseUnit>None</BaseUnit>
          <Unit />
          <ValueString>0</ValueString>
          <Limits>
            <Min>0</Min>
            <Max>2</Max>
            <Default>0</Default>
          </Limits>
        </Setting>
        <Setting>
          <Id>Sleep</Id>
          <Name>Sleep</Name>
          <BaseUnit>None</BaseUnit>
          <Unit />
          <ValueString>1</ValueString>
          <Limits>
            <Min>0</Min>
            <Max>1</Max>
            <Default>1</Default>
          </Limits>
        </Setting>
        <Setting>
          <Id>BurstMode</Id>
          <Name>Burst mode</Name>
          <BaseUnit>None</BaseUnit>
          <Unit />
          <ValueString>0</ValueString>
          <Limits>
            <Min>0</Min>
            <Max>1</Max>
            <Default>0</Default>
          </Limits>
        </Setting>
        <Setting>
          <Id>BurstOffset</Id>
          <Name>Burst offset</Name>
          <BaseUnit>None</BaseUnit>
          <Unit>sec</Unit>
          <ValueString>0</ValueString>
          <Limits>
            <Min>0</Min>
            <Max>86400</Max>
            <Default>0</Default>
          </Limits>
        </Setting>
        <Setting>
          <Id>EnsembleScheduleType</Id>
          <Name>Ping schedule</Name>
          <BaseUnit>None</BaseUnit>
          <Unit />
          <ValueString>0</ValueString>
          <Limits>
            <Min>0</Min>
            <Max>1</Max>
            <Default>0</Default>
          </Limits>
        </Setting>
        <Setting>
          <Id>PingSpacingType</Id>
          <Name>Ping spacing</Name>
          <BaseUnit>None</BaseUnit>
          <Unit />
          <ValueString>1</ValueString>
          <Limits>
            <Min>0</Min>
            <Max>1</Max>
            <Default>1</Default>
          </Limits>
        </Setting>
        <Setting>
          <Id>PingSpacingTypeNB</Id>
          <Name>Ping spacing</Name>
          <BaseUnit>None</BaseUnit>
          <Unit />
          <ValueString>1</ValueString>
          <Limits>
            <Min>0</Min>
            <Max>1</Max>
            <Default>1</Default>
          </Limits>
        </Setting>
        <Setting>
          <Id>NumBursts</Id>
          <Name>Number of bursts</Name>
          <BaseUnit>None</BaseUnit>
          <Unit />
          <ValueString>1</ValueString>
          <Limits>
            <Min>1</Min>
            <Max>10</Max>
            <Default>1</Default>
          </Limits>
        </Setting>
        <Setting>
          <Id>NumBurstsNB</Id>
          <Name>Number of bursts</Name>
          <BaseUnit>None</BaseUnit>
          <Unit />
          <ValueString>1</ValueString>
          <Limits>
            <Min>1</Min>
            <Max>10</Max>
            <Default>1</Default>
          </Limits>
        </Setting>
        <Setting>
          <Id>BurstDuration</Id>
          <Name>Burst Duration</Name>
          <BaseUnit>None</BaseUnit>
          <Unit>s</Unit>
          <ValueString>1.15740740740741E-05</ValueString>
          <Limits>
            <Min>0</Min>
            <Max>1</Max>
            <Default>1.1574074074074073E-05</Default>
          </Limits>
        </Setting>
        <Setting>
          <Id>BurstDurationNB</Id>
          <Name>Burst Duration</Name>
          <BaseUnit>None</BaseUnit>
          <Unit>s</Unit>
          <ValueString>1.15740740740741E-05</ValueString>
          <Limits>
            <Min>0</Min>
            <Max>1</Max>
            <Default>1.1574074074074073E-05</Default>
          </Limits>
        </Setting>
        <Setting>
          <Id>NBFirst</Id>
          <Name>Ping order</Name>
          <BaseUnit>None</BaseUnit>
          <Unit />
          <ValueString>1</ValueString>
          <Limits>
            <Min>0</Min>
            <Max>1</Max>
            <Default>1</Default>
          </Limits>
        </Setting>
        <Setting>
          <Id>Buffering</Id>
          <Name>Buffering</Name>
          <BaseUnit>None</BaseUnit>
          <Unit />
          <ValueString>1</ValueString>
          <Limits>
            <Min>0</Min>
            <Max>1</Max>
            <Default>1</Default>
          </Limits>
        </Setting>
        <Setting>
          <Id>InputTriggeringMode</Id>
          <Name>Input Triggering Mode</Name>
          <BaseUnit>None</BaseUnit>
          <Unit />
          <ValueString>0</ValueString>
          <Limits>
            <Min>0</Min>
            <Max>2</Max>
            <Default>0</Default>
          </Limits>
        </Setting>
        <Setting>
          <Id>InputTriggeringDelay</Id>
          <Name>Input Triggering Delay</Name>
          <BaseUnit>None</BaseUnit>
          <Unit />
          <ValueString>0</ValueString>
          <Limits>
            <Min>0</Min>
            <Max>65535</Max>
            <Default>0</Default>
          </Limits>
        </Setting>
        <Setting>
          <Id>InputTriggeringTimeout</Id>
          <Name>Input Triggering Timeout</Name>
          <BaseUnit>None</BaseUnit>
          <Unit />
          <ValueString>120</ValueString>
          <Limits>
            <Min>0</Min>
            <Max>65535</Max>
            <Default>120</Default>
          </Limits>
        </Setting>
        <Setting>
          <Id>OutputTriggeringMode</Id>
          <Name>Output Triggering Mode</Name>
          <BaseUnit>None</BaseUnit>
          <Unit />
          <ValueString>0</ValueString>
          <Limits>
            <Min>0</Min>
            <Max>2</Max>
            <Default>0</Default>
          </Limits>
        </Setting>
        <Setting>
          <Id>OutputTriggeringOffset</Id>
          <Name>Output Triggering Offset</Name>
          <BaseUnit>None</BaseUnit>
          <Unit />
          <ValueString>0</ValueString>
          <Limits>
            <Min>-10</Min>
            <Max>10</Max>
            <Default>0</Default>
          </Limits>
        </Setting>
        <Setting>
          <Id>Feature_BottomTrackType</Id>
          <Name>BT type</Name>
          <BaseUnit>None</BaseUnit>
          <Unit />
          <ValueString>-1</ValueString>
          <Limits>
            <Min>-1</Min>
            <Max>1</Max>
            <Default>-1</Default>
          </Limits>
        </Setting>
        <Setting>
          <Id>HighRssiEnabled</Id>
          <Name />
          <BaseUnit>None</BaseUnit>
          <Unit>High RSSI</Unit>
          <ValueString>1</ValueString>
          <Limits>
            <Min>0</Min>
            <Max>1</Max>
            <Default>1</Default>
          </Limits>
        </Setting>
        <Setting>
          <Id>HighRssiStartCell</Id>
          <Name>Start cell</Name>
          <BaseUnit>None</BaseUnit>
          <Unit />
          <ValueString>1</ValueString>
          <Limits>
            <Min>1</Min>
            <Max>1</Max>
            <Default>1</Default>
          </Limits>
        </Setting>
        <Setting>
          <Id>HighRssiEndCell</Id>
          <Name>End cell</Name>
          <BaseUnit>None</BaseUnit>
          <Unit />
          <ValueString>1</ValueString>
          <Limits>
            <Min>1</Min>
            <Max>9</Max>
            <Default>1</Default>
          </Limits>
        </Setting>
        <Setting>
          <Id>AmbientNoiseEnabled</Id>
          <Name>Ambient Noise</Name>
          <BaseUnit>None</BaseUnit>
          <Unit />
          <ValueString>1</ValueString>
          <Limits>
            <Min>0</Min>
            <Max>1</Max>
            <Default>1</Default>
          </Limits>
        </Setting>
        <Setting>
          <Id>Beam3Misalignment</Id>
          <Name>Beam 3 alignment</Name>
          <BaseUnit>Degrees</BaseUnit>
          <Unit>degrees</Unit>
          <ValueString>0</ValueString>
          <Limits>
            <Min>-180</Min>
            <Max>180</Max>
            <Default>0</Default>
          </Limits>
        </Setting>
        <Setting>
          <Id>TurnKeyMode</Id>
          <Name>Turn key mode</Name>
          <BaseUnit>None</BaseUnit>
          <Unit />
          <ValueString>0</ValueString>
          <Limits>
            <Min>0</Min>
            <Max>1</Max>
            <Default>0</Default>
          </Limits>
        </Setting>
        <Setting>
          <Id>BeamToMask</Id>
          <Name>Beam to mask</Name>
          <BaseUnit>None</BaseUnit>
          <Unit />
          <ValueString>0</ValueString>
          <Limits>
            <Min>0</Min>
            <Max>4</Max>
            <Default>0</Default>
          </Limits>
        </Setting>
        <Setting>
          <Id>WaterMassMethod</Id>
          <Name>Water mass method</Name>
          <BaseUnit>None</BaseUnit>
          <Unit />
          <ValueString>0</ValueString>
          <Limits>
            <Min>0</Min>
            <Max>3</Max>
            <Default>0</Default>
          </Limits>
        </Setting>
        <Setting>
          <Id>WaterMassMin</Id>
          <Name>Water mass min</Name>
          <BaseUnit>Meters</BaseUnit>
          <Unit>m</Unit>
          <ValueString>16</ValueString>
          <Limits>
            <Min>0.1</Min>
            <Max>64</Max>
            <Default>16</Default>
          </Limits>
        </Setting>
        <Setting>
          <Id>WaterMassNear</Id>
          <Name>Water mass near</Name>
          <BaseUnit>Meters</BaseUnit>
          <Unit>m</Unit>
          <ValueString>32</ValueString>
          <Limits>
            <Min>0.1</Min>
            <Max>999.8</Max>
            <Default>32</Default>
          </Limits>
        </Setting>
        <Setting>
          <Id>WaterMassFar</Id>
          <Name>Water mass far</Name>
          <BaseUnit>Meters</BaseUnit>
          <Unit>m</Unit>
          <ValueString>48</ValueString>
          <Limits>
            <Min>0.2</Min>
            <Max>999.9</Max>
            <Default>48</Default>
          </Limits>
        </Setting>
        <Setting>
          <Id>PdFormat</Id>
          <Name>PD</Name>
          <BaseUnit>None</BaseUnit>
          <Unit />
          <ValueString>0</ValueString>
          <Limits>
            <Min>0</Min>
            <Max>26</Max>
            <Default>0</Default>
          </Limits>
        </Setting>
      </ArrayOfSetting>
    </Settings>
  </Adcp>
</root>